TIRA,LINK
1,https://russodigital.com.ar/tiras-y-led-backlight/tira-re-1-lg-32-78-leds-32ln540b-32ln570b-32la613b
2,https://russodigital.com.ar/tiras-y-led-backlight/tira-re-2-lg-43uh6100-43uf-43lh-43fh
3,https://russodigital.com.ar/tiras-y-led-backlight/tira-re-3-lg-40lf5700-40lb-40lh
4,https://russodigital.com.ar/tiras-y-led-backlight/tira-re-4-49uh6500-49uh6100
5,https://russodigital.com.ar/tiras-y-led-backlight/tira-re-5-55uj6320-55lj63
6,https://russodigital.com.ar/tiras-y-led-backlight/tira-re-6-65uj6320
7,https://russodigital.com.ar/tiras-y-led-backlight/tira-re-7-sanyo-lce43sf8200-admiral-43ns18-philco-pld43fs8b-go43fsm-ad43e2
8,https://russodigital.com.ar/tiras-y-led-backlight/tira-re-8-43lh5700-6916l-2743b
9,https://russodigital.com.ar/tiras-y-led-backlight/tira-re-9-lg-43uj6560-43lj5500-lc43490069a
10,https://russodigital.com.ar/tiras-y-led-backlight/tira-re-10-49uj6560
11,https://russodigital.com.ar/tiras-y-led-backlight/tira-re-11-lg-55la6200
12,https://russodigital.com.ar/tiras-y-led-backlight/tira-re-12-42ln5700-42la6200-42la6130-42ln5400
13,https://russodigital.com.ar/tiras-y-led-backlight/tira-re-13-lg-32-drt-30-32lb560b-580b-32lf550b-565b-585b
14,https://russodigital.com.ar/tiras-y-led-backlight/tira-re-14-42lb5600-42lb5800-42lb6200-42lf5850
15,https://russodigital.com.ar/tiras-y-led-backlight/tira-re-15-47lb5800-47lb6500
16,https://russodigital.com.ar/tiras-y-led-backlight/tira-re-16-lg-49lf6450-49lb5500
17,https://russodigital.com.ar/tiras-y-led-backlight/tira-re-17-lg-32ls3400-32lm3400
18,https://russodigital.com.ar/tiras-y-led-backlight/tira-re-18-lg-32ln540b
19,https://russodigital.com.ar/tiras-y-led-backlight/tira-re-19-samsung-un32f4000-f5000-f5500
20,https://russodigital.com.ar/tiras-y-led-backlight/tira-re-20-un32fh4000-un32fh5000-un32h4303
21,https://russodigital.com.ar/tiras-y-led-backlight/tira-re-21-samsung-un39fh5005-un39eh
22,https://russodigital.com.ar/tiras-y-led-backlight/tira-re-22-samsung-un40f5000-un40f5500-un40f6100-40f6800
23,https://russodigital.com.ar/tiras-y-led-backlight/tira-re-23-samsung-un40j5300-un40j6400-un40h6400
24,https://russodigital.com.ar/tiras-y-led-backlight/tira-re-24-samsung-un46f5000-un46f5500-un46f6100-un46f6800
25,https://russodigital.com.ar/tiras-y-led-backlight/tira-re-25-un50mu6100gcdf-ue50ku6072-un50mu6000g-un50mu6300g-un50ku6000
26,https://russodigital.com.ar/tiras-y-led-backlight/tira-re-26-philips-32phg5101-32phg5102
27,https://russodigital.com.ar/tiras-y-led-backlight/tira-re-27-philips-39pfg4109
28,https://russodigital.com.ar/tiras-y-led-backlight/tira-re-28-philips-40pfg500077-40pfg510077-40pfg5011-42pfg5100
29,https://russodigital.com.ar/tiras-y-led-backlight/tira-re-29-philips-43-43pfg5101-5102-43pfg5501-le43f146
30,https://russodigital.com.ar/tiras-y-led-backlight/tira-re-30-rca-l32t20smart-admiral-ad3214-konka-kdl32mt626u
31,https://russodigital.com.ar/tiras-y-led-backlight/tira-re-31-rca-l32nsmart-tcl-l32d2730a
32,https://russodigital.com.ar/tiras-y-led-backlight/tira-re-32-hitachi-le32fd18
33,https://russodigital.com.ar/tiras-y-led-backlight/tira-re-33-l32nxsmart-fs-l32s4900-s32s2900dg-le32smart10-le32smart11
34,https://russodigital.com.ar/tiras-y-led-backlight/tira-re-34-rca-l32sksmart-philco-pld3236ht-de32x4001-le32smart17
35,https://russodigital.com.ar/tiras-y-led-backlight/tira-re-35-le32smart14-l32s6-l32nxtsmart
36,https://russodigital.com.ar/tiras-y-led-backlight/tira-re-36-rca-admiral-l39f50slim-l39t10slim
37,https://russodigital.com.ar/tiras-y-led-backlight/tira-re-37-40d2900a-x40sm-l40s62
38,https://russodigital.com.ar/tiras-y-led-backlight/tira-re-38-l40nxsmart-l40s4900-le40smart10
39,https://russodigital.com.ar/tiras-y-led-backlight/tira-re-39-rca-l40t20smart-version-1
40,https://russodigital.com.ar/tiras-y-led-backlight/tira-re-40-le40smart08-l40nsmart-l40d2730a-dwled-40fhdnfhds
41,https://russodigital.com.ar/tiras-y-led-backlight/tira-re-41-rca-l40t20smart-admiral-ad4014-version-2
42,https://russodigital.com.ar/tiras-y-led-backlight/tira-re-42-l43and-le43smart08
43,https://russodigital.com.ar/tiras-y-led-backlight/tira-re-43-recco-daewoo-hyundai-43uhd
44,https://russodigital.com.ar/tiras-y-led-backlight/tira-re-44-di43x5100-lce43id17-pld4317id-pld4317idx
45,https://russodigital.com.ar/tiras-y-led-backlight/tira-re-45-le49smart14-l49nxsmartfs-pld49fs8b-tds1849fi-945mm
46,https://russodigital.com.ar/tiras-y-led-backlight/tira-re-46-cdh-le504ksmart18-l50p65-ts50uhd
47,https://russodigital.com.ar/tiras-y-led-backlight/tira-re-47-tcl-l55p8m-rca-x55andtv-hitachi-le554ksmart20
48,https://russodigital.com.ar/tiras-y-led-backlight/tira-re-48-l55c1-l55p1uhd-le554ksmart10
49,https://russodigital.com.ar/tiras-y-led-backlight/tira-re-49-hyled55uhd2-dwled55uhd2-reled55uhd
50,https://russodigital.com.ar/tiras-y-led-backlight/tira-re-50-toshiba-55u4700la-55u2-panel-sdl550wyld0
51,https://russodigital.com.ar/tiras-y-led-backlight/tira-re-51-dwled-60uhd-hyled-60uhd-60d1600-reled-60uhd
52,https://russodigital.com.ar/tiras-y-led-backlight/tira-re-52-ble4014dg-hle4014rtx-hle4014rt-hle4014rtx-ble4014rt-ble4014rtx
53,https://russodigital.com.ar/tiras-y-led-backlight/tira-re-53-kb-39-2222-to-39-4422-to-39-4421-kb-39-2221
54,https://russodigital.com.ar/tiras-y-led-backlight/tira-re-54-ea50x6100-ea50x6100x-sh5016mfix-lt50da770
55,https://russodigital.com.ar/tiras-y-led-backlight/tira-re-55-32ld840ft-sanyo-lce32xf9t-jvc-lt32dr530
56,https://russodigital.com.ar/tiras-y-led-backlight/tira-re-56-50ld881di-50ld876di-lt50da960
57,https://russodigital.com.ar/tiras-y-led-backlight/tira-re-57-kb-32-2211-kb-32-2212-kb-32-2213-ad-32-3311-to-4411
58,https://russodigital.com.ar/tiras-y-led-backlight/tira-re-58-l32sksmart-pld3236ht-de32x4001
59,https://russodigital.com.ar/tiras-y-led-backlight/tira-re-59-32la613b-32ln570-3-tiras-7-leds
60,https://russodigital.com.ar/tiras-y-led-backlight/tira-re-60-he315gh-b11-32ld867ht-ble3214d-lt32da950-lt32da350-pld3214ht
61,https://russodigital.com.ar/tiras-y-led-backlight/tira-re-61-he315gh-e71-32ld878hi-32ld868hi-lt32da950
62,https://russodigital.com.ar/tiras-y-led-backlight/tira-re-62-ea50x6500-sh5016kuhdx
63,https://russodigital.com.ar/tiras-y-led-backlight/tira-re-63-lt42da950-lce42if14-pld4234f-42ld870fi-lce42if13-42da950
64,https://russodigital.com.ar/tiras-y-led-backlight/tira-re-64-he315fh-e78-32ld846ht-lt32dr310-ble3213
65,https://russodigital.com.ar/tiras-y-led-backlight/tira-re-65-le49smart10-tcl-l49s4900-l49nxsmart-rca-l49nxtsmartfs-l49s6-l49s62
66,https://russodigital.com.ar/tiras-y-led-backlight/tira-re-66-b-flex-lg-42ls5700-lg-42lm6200-pioneer-ple42fmn2-l42s96digi
67,https://russodigital.com.ar/tiras-y-led-backlight/tira-re-67-ple-55fzp2-lt-55da940-lt-55dr940-55ld861di
68,https://russodigital.com.ar/tiras-y-led-backlight/tira-re-68-lce42xf10b-42ld844fb-pld4222fb-he420-ble4213rt-lt42dr531
69,https://russodigital.com.ar/tiras-y-led-backlight/tira-re-69-jvc-lt39dr530-lce39xf11-he390hh-e51
70,https://russodigital.com.ar/tiras-y-led-backlight/tira-re-70-43ld882fi-lce43if16-pld4316fi-lt43da760-tds1643fi-to-4316-fhds
71,https://russodigital.com.ar/tiras-y-led-backlight/tira-re-71-samsung-55nu7100-7300
72,https://russodigital.com.ar/tiras-y-led-backlight/tira-re-72-hle4011d-4011dx-tcl-led40d3260fd-l40d3260fdhisense-hle4011d
73,https://russodigital.com.ar/tiras-y-led-backlight/tira-re-73-lg-43um7360
74,https://russodigital.com.ar/tiras-y-led-backlight/tira-re-74-philips-43pfg5813-aoc-43s5295
75,https://russodigital.com.ar/tiras-y-led-backlight/tira-re-75-philips-32phg5813
76,https://russodigital.com.ar/tiras-y-led-backlight/tira-re-76-samsung-un32j5500-un32h5500
77,https://russodigital.com.ar/tiras-y-led-backlight/tira-re-77-lg-42ln5400
78,https://russodigital.com.ar/tiras-y-led-backlight/tira-re-78-dm43x7100-noblex
79,https://russodigital.com.ar/tiras-y-led-backlight/tira-re-79-kb32s2000sa-tiras-curvas
80,https://russodigital.com.ar/tiras-y-led-backlight/tira-re-80-pld32hs8b-tds1832hi-lcd32sf8200-taljfh-32sm-32ns18-go32hsm
81,https://russodigital.com.ar/tiras-y-led-backlight/tira-re-81-rca-xf43sm
82,https://russodigital.com.ar/tiras-y-led-backlight/tira-re-82-6v-rca-and32y-tcl-l32s60a-hitachi-32smart19
83,https://russodigital.com.ar/tiras-y-led-backlight/tira-re-83-un40j5000-un40j5200dgczb-un40j5200agcfv
84,https://russodigital.com.ar/tiras-y-led-backlight/tira-re-84-philips-42pfg5011
85,https://russodigital.com.ar/tiras-y-led-backlight/tira-re-85-un43j5200-un43j5290-un43t5300-un43j5000
86,https://russodigital.com.ar/tiras-y-led-backlight/tira-re-86-le554ksmart12-l55p4k-l55p4ksilver-l55pxultrahd
87,https://russodigital.com.ar/tiras-y-led-backlight/tira-re-87-l40s6500-rca-xc40sm-hitachi-cdh-le40smart17
88,https://russodigital.com.ar/tiras-y-led-backlight/tira-re-88-un40eh5303-un40fh5303
89,https://russodigital.com.ar/tiras-y-led-backlight/tira-re-89-lg-49lj5500-49lk5700-49uk6300-49um7300
90,https://russodigital.com.ar/tiras-y-led-backlight/tira-re-90-bgh-ble4016df-hisense-hle4016df
91,https://russodigital.com.ar/tiras-y-led-backlight/tira-re-91-rca-and55fxuhd-tcl-l55p615
92,https://russodigital.com.ar/tiras-y-led-backlight/tira-re-92-ble3215d-3215rt-hle3215d-hle3215rt
93,https://russodigital.com.ar/tiras-y-led-backlight/tira-re-93-kdl48mt539u-l48f50slim-l48t10slim
94,https://russodigital.com.ar/tiras-y-led-backlight/tira-re-94-philips-55pud665477-pud740677-conector-lateral-o-al-medio
95,https://russodigital.com.ar/tiras-y-led-backlight/tira-re-95-cdh-le654ksmart12-tcl-l65p4k-rca-l65p2uhd
96,https://russodigital.com.ar/tiras-y-led-backlight/tira-re-96-skyworth-sw55s6sug-con-adhesivo-toshiba-55u7700
97,https://russodigital.com.ar/tiras-y-led-backlight/tira-re-97-lg-47ln5200-47ln5700-47la6200-47la6130
98,https://russodigital.com.ar/tiras-y-led-backlight/tira-re-98-rca-x50uhd-hitachi-cdh-le504ksmart16
99,https://russodigital.com.ar/tiras-y-led-backlight/tira-re-99-samsung-ue50f6200-un50f5000-un50f5500-un50f6000-un50f6400
100,https://russodigital.com.ar/tiras-y-led-backlight/tira-re-100-quantic-qi4068-4-tiras-de-10-leds
101,https://russodigital.com.ar/tiras-y-led-backlight/tira-re-101-skyworth-sw49s6sug
102,https://russodigital.com.ar/tiras-y-led-backlight/tira-re-102-6-volt-di32x5000x-di32x5000-pld3217id-lce32id17
103,https://russodigital.com.ar/tiras-y-led-backlight/tira-re-103-led-55pug641277-55pug621277-55pug6412
104,https://russodigital.com.ar/tiras-y-led-backlight/tira-re-104-philco-pld43fsc9-hyled-43fhd4
105,https://russodigital.com.ar/tiras-y-led-backlight/tira-re-105-led-bgh-b4318fh5-hisense-h4318fh5
106,https://russodigital.com.ar/tiras-y-led-backlight/tira-re-106-noblex-dk43x5100-bgh-4321fh5a-th4321fh5
107,https://russodigital.com.ar/tiras-y-led-backlight/tira-re-107-led-un32j4000agczb-un32j4000
108,https://russodigital.com.ar/tiras-y-led-backlight/tira-re-108-tcl-l39s4900s-rca-l39nxsmartfs-cdh-le39smart14
109,https://russodigital.com.ar/tiras-y-led-backlight/tira-re-109-32lj600b-32lh575b-32lj520b
110,https://russodigital.com.ar/tiras-y-led-backlight/tira-re-110-hisense-h3218h5-bgh-b3218h5
111,https://russodigital.com.ar/tiras-y-led-backlight/tira-re-111-dj50x6500-para-adaptar
112,https://russodigital.com.ar/tiras-y-led-backlight/tira-re-112-philips-49pfg510151022-49pfg550177-le49f1461-le50d145228
113,https://russodigital.com.ar/tiras-y-led-backlight/tira-re-113-hisense-h4918fh5-bgh-b4918fh5
114,https://russodigital.com.ar/tiras-y-led-backlight/tira-re-114-kanji-kj-mn320c-30
115,https://russodigital.com.ar/tiras-y-led-backlight/tira-re-115-kanji-kj-32mt005-3volt-verificar
116,https://russodigital.com.ar/tiras-y-led-backlight/tira-re-116-kanji-32-6-volt-kanji-kj-32mt005
117,https://russodigital.com.ar/tiras-y-led-backlight/tira-re-117-lg-43lf5410-39-leds
119,https://russodigital.com.ar/tiras-y-led-backlight/tira-re-119-42pfl3508g77-42pfl3008
120,https://russodigital.com.ar/tiras-y-led-backlight/tira-re-120-nex-nx-l32hd-led32t3520
121,https://russodigital.com.ar/tiras-y-led-backlight/tira-re-121-65pud679477
122,https://russodigital.com.ar/tiras-y-led-backlight/tira-re-122-le50s597028
123,https://russodigital.com.ar/tiras-y-led-backlight/tira-re-123-noblex-ea32x5000-lce32ih26
124,https://russodigital.com.ar/tiras-y-led-backlight/tira-re-124-philips-32phg5001
125,https://russodigital.com.ar/tiras-y-led-backlight/tira-re-125-admiral-ad50q20-sanyo-lce50su9200-noblex-de50x6500
126,https://russodigital.com.ar/tiras-y-led-backlight/tira-re-126-ble4015d-ble4015df-hisense-hle4015d
127,https://russodigital.com.ar/tiras-y-led-backlight/tira-re-127-pld32hs9b
128,https://russodigital.com.ar/tiras-y-led-backlight/tira-re-128-philips-43pfd682577
129,https://russodigital.com.ar/tiras-y-led-backlight/tira-re-129-hle4916rtf-ble4916rtf-49k3110
130,https://russodigital.com.ar/tiras-y-led-backlight/tira-re-130-rca-55an3d-tophouse-kdl55xs712un
131,https://russodigital.com.ar/tiras-y-led-backlight/tira-re-131-dwled-49uhd
132,https://russodigital.com.ar/tiras-y-led-backlight/tira-re-132-jvc-lt-42da760-sanyo-lce42if15-42ld877fi-pld4215fi-ple42fms3
133,https://russodigital.com.ar/tiras-y-led-backlight/tira-re-133-cdh-le554ksmart16-tcl-l55p6-rca-x55uhd
134,https://russodigital.com.ar/tiras-y-led-backlight/tira-re-134-samsung-un50ru7100
135,https://russodigital.com.ar/tiras-y-led-backlight/tira-re-135-noblex-de40x4100x-40l4700la
136,https://russodigital.com.ar/tiras-y-led-backlight/tira-re-136-lg-43uh6500
137,https://russodigital.com.ar/tiras-y-led-backlight/tira-re-137-jvc-lt47da940-pioneer-ple47fzp2-ple47fzp1
138,https://russodigital.com.ar/tiras-y-led-backlight/tira-re-138-46smartr30
139,https://russodigital.com.ar/tiras-y-led-backlight/tira-re-139-lg-50uk6550
140,https://russodigital.com.ar/tiras-y-led-backlight/tira-re-140-noblex-ea55x6500
141,https://russodigital.com.ar/tiras-y-led-backlight/tira-re-141-dwled-39fhd
142,https://russodigital.com.ar/tiras-y-led-backlight/tira-re-142-hitachi-cdh-32smart21
143,https://russodigital.com.ar/tiras-y-led-backlight/tira-re-143-thle3917df
144,https://russodigital.com.ar/tiras-y-led-backlight/tira-re-144-un40ku6000
145,https://russodigital.com.ar/tiras-y-led-backlight/tira-re-145-50pug651377
146,https://russodigital.com.ar/tiras-y-led-backlight/tira-re-146-led50e700kb
147,https://russodigital.com.ar/tiras-y-led-backlight/tira-re-147-dk32x5000-dk32x5050-dk32x7000-philco-pld32hs2250
148,https://russodigital.com.ar/tiras-y-led-backlight/tira-re-148-32ld874ht-lce32xh15-lt32da360-pld3225ht-ldh32ilo4-to3216hd
149,https://russodigital.com.ar/tiras-y-led-backlight/tira-re-149-ble4015rtfx-ble4015rt-hle4015rta
150,https://russodigital.com.ar/tiras-y-led-backlight/tira-re-150-43uj6560-panel-2
151,https://russodigital.com.ar/tiras-y-led-backlight/tira-re-151-philips-32phg4109
152,https://russodigital.com.ar/tiras-y-led-backlight/tira-re-152-philips-49pug680177
153,https://russodigital.com.ar/tiras-y-led-backlight/tira-re-153-dk50x9500
154,https://russodigital.com.ar/tiras-y-led-backlight/tira-re-154-lg-55uk63
155,https://russodigital.com.ar/tiras-y-led-backlight/tira-re-155-b4322fs5a-dr43x7100-mt43e3a
156,https://russodigital.com.ar/tiras-y-led-backlight/tira-re-156-dr32x7000-b3222s5a
157,https://russodigital.com.ar/tiras-y-led-backlight/tira-re-157-dm55x7550-55q20200-ad55q20
158,https://russodigital.com.ar/tiras-y-led-backlight/tira-re-158-43up7750psb
159,https://russodigital.com.ar/tiras-y-led-backlight/tira-re-159-hle5015rtux
160,https://russodigital.com.ar/tiras-y-led-backlight/tira-re-160-bgh-hle4815rt-ble4815rt-hle4815rtfx-ble4815rtfx
161,https://russodigital.com.ar/tiras-y-led-backlight/tira-re-161-ble3218rtx-tkle3218rtx-kdl32md662ln
162,https://russodigital.com.ar/tiras-y-led-backlight/tira-re-162-un50tu7000gczb
164,https://russodigital.com.ar/tiras-y-led-backlight/tira-re-164-un43au7000
165,https://russodigital.com.ar/tiras-y-led-backlight/tira-re-165-l32s80digi
166,https://russodigital.com.ar/tiras-y-led-backlight/tira-re-166-kanji-candy-55sv1200-panel-550bfd-3-x-11-leds
167,https://russodigital.com.ar/tiras-y-led-backlight/tira-re-167-hisense-hle3217rt
168,https://russodigital.com.ar/tiras-y-led-backlight/tira-re-168-hitachi-le32smart04-cod-32e350
169,https://russodigital.com.ar/tiras-y-led-backlight/tira-re-169-ken-brown-kb32s2000sa-tira-recta
170,https://russodigital.com.ar/tiras-y-led-backlight/tira-re-170-bgh-b4319fk5
171,https://russodigital.com.ar/tiras-y-led-backlight/tira-re-171-hitachi-le40smart04
172,https://russodigital.com.ar/tiras-y-led-backlight/tira-re-172-samsung-55js5200
173,https://russodigital.com.ar/tiras-y-led-backlight/tira-re-173-philips-55pug6703
174,https://russodigital.com.ar/tiras-y-led-backlight/tira-re-174-noblex-dk65x6500
175,https://russodigital.com.ar/tiras-y-led-backlight/tira-re-175-noblex-da50x6500
176,https://russodigital.com.ar/tiras-y-led-backlight/tira-re-176-samsung-un50j5300
185,https://russodigital.com.ar/tiras-y-led-backlight/tira-re-185-l65p6-l65p8m-le654smart16-18-20
188,https://russodigital.com.ar/tiras-y-led-backlight/tira-re-188-tcl-l50p715
197,https://russodigital.com.ar/tiras-y-led-backlight/tira-re-197-noblex-sanyo-he315gh-e77-40-leds-similar-n60-y-n61
199,https://russodigital.com.ar/tiras-y-led-backlight/tira-re-199-hisense-hle5017rtu
202,https://russodigital.com.ar/tiras-y-led-backlight/tira-re-202-un40d5000-un40d5003bg-un40d5500-un40d5600-un40d6000-un40d6500
204,https://russodigital.com.ar/tiras-y-led-backlight/tira-re-204-steelhome-sth-032-hd
205,https://russodigital.com.ar/tiras-y-led-backlight/tira-re-205-ld65p19u-le65po5s8-65pug6412-6606-6652-6701
207,https://russodigital.com.ar/tiras-y-led-backlight/tira-re-207-un49k5500-un49k6250-un49k6500-un49k6550
230,https://russodigital.com.ar/tiras-y-led-backlight/tira-re-230-dwled-50fhd-l50fhd-l50e3000f-wl5000smt
209,https://russodigital.com.ar/tiras-y-led-backlight/tira-re-209-ue55h6290-h6800-j5510-j5300-j550
210,https://russodigital.com.ar/tiras-y-led-backlight/tira-re-210-kb-55-4491-smart-to-55-4491-smart
211,https://russodigital.com.ar/tiras-y-led-backlight/tira-re-211-steel-home-sth-050-sm
212,https://russodigital.com.ar/tiras-y-led-backlight/tira-re-212-55uf6450-55uf6430-55uh6150
213,https://russodigital.com.ar/tiras-y-led-backlight/tira-re-213-65uf6450-7650-7700-65uh5b-bd-6030
215,https://russodigital.com.ar/tiras-y-led-backlight/tira-re-215-samsung-un55k5500
216,https://russodigital.com.ar/tiras-y-led-backlight/tira-re-216-philips-50pud6654
218,https://russodigital.com.ar/tiras-y-led-backlight/tira-re-218-noblex-dj43x5100
228,https://www.russodigital.com.ar/tiras-y-led-backlight/tira-re-228-49uj6560-panel-con-difusores-chicos
231,https://russodigital.com.ar/tiras-y-led-backlight/tira-re-231-hisense-hle4917
235,https://russodigital.com.ar/tiras-y-led-backlight/tira-re-235-hitachi-cdh-le554ksmart08
238,https://russodigital.com.ar/tiras-y-led-backlight/tira-re-238-ken-brown-kb-32-2213-smart-reemplazo-para-32dr535
243,https://russodigital.com.ar/tiras-y-led-backlight/tira-re-243-noblex-dk55x6500-dk55x6550-x7500-pld55hs2250
246,https://russodigital.com.ar/tiras-y-led-backlight/tira-re-246-kanji-kj4xtl005-kj-mn185b-30
247,https://russodigital.com.ar/tiras-y-led-backlight/tira-re-247-noblex-dk50x6500-pld50hs22
248,https://russodigital.com.ar/tiras-y-led-backlight/tira-re-248-noblex-dj50x6500
504,https://russodigital.com.ar/tiras-y-led-backlight/tira-re-504-49lf5400-49lf540v-49lf5410-49lf5900-49lf590v-49lf6900-49lf6907
530,https://russodigital.com.ar/tiras-y-led-backlight/tira-re-530-go55us9-dj55x6500-pld55us9a1-tds2055uia-lce55su9550
255,https://russodigital.com.ar/tiras-y-led-backlight/tira-re-255-pld49us7c
260,https://russodigital.com.ar/tiras-y-led-backlight/tira-re-260-ad50g22-dr50x7550-b5022us6a-b5023us6g
251,https://russodigital.com.ar/tiras-y-led-backlight/tira-re-251-go55us9-dj55x6500-pld55us9a1-tds2055uia-lce55su9550
259,https://russodigital.com.ar/tiras-y-led-backlight/tira-re-259-noblex-dr55x7550-bgh-b5522us6a